https://w3id.org/oerbase/vocabs/oefos2012/1	https://w3id.org/kim/hochschulfaechersystematik/n4
https://w3id.org/oerbase/vocabs/oefos2012/101	https://w3id.org/kim/hochschulfaechersystematik/n37
https://w3id.org/oerbase/vocabs/oefos2012/1010	https://w3id.org/kim/hochschulfaechersystematik/n37
https://w3id.org/oerbase/vocabs/oefos2012/101001	https://w3id.org/kim/hochschulfaechersystematik/n37
https://w3id.org/oerbase/vocabs/oefos2012/101002	https://w3id.org/kim/hochschulfaechersystematik/n37
https://w3id.org/oerbase/vocabs/oefos2012/101003	https://w3id.org/kim/hochschulfaechersystematik/n37
https://w3id.org/oerbase/vocabs/oefos2012/101004	https://w3id.org/kim/hochschulfaechersystematik/n37
https://w3id.org/oerbase/vocabs/oefos2012/101005	https://w3id.org/kim/hochschulfaechersystematik/n37
https://w3id.org/oerbase/vocabs/oefos2012/101006	https://w3id.org/kim/hochschulfaechersystematik/n37
https://w3id.org/oerbase/vocabs/oefos2012/101007	https://w3id.org/kim/hochschulfaechersystematik/n276
https://w3id.org/oerbase/vocabs/oefos2012/101008	https://w3id.org/kim/hochschulfaechersystematik/n37
https://w3id.org/oerbase/vocabs/oefos2012/101009	https://w3id.org/kim/hochschulfaechersystematik/n105
https://w3id.org/oerbase/vocabs/oefos2012/101010	https://w3id.org/kim/hochschulfaechersystematik/n275
https://w3id.org/oerbase/vocabs/oefos2012/101011	https://w3id.org/kim/hochschulfaechersystematik/n37
https://w3id.org/oerbase/vocabs/oefos2012/101012	https://w3id.org/kim/hochschulfaechersystematik/n37
https://w3id.org/oerbase/vocabs/oefos2012/101013	https://w3id.org/kim/hochschulfaechersystematik/n37
https://w3id.org/oerbase/vocabs/oefos2012/101014	https://w3id.org/kim/hochschulfaechersystematik/n37
https://w3id.org/oerbase/vocabs/oefos2012/101015	https://w3id.org/kim/hochschulfaechersystematik/n37
https://w3id.org/oerbase/vocabs/oefos2012/101016	https://w3id.org/kim/hochschulfaechersystematik/n37
https://w3id.org/oerbase/vocabs/oefos2012/101017	https://w3id.org/kim/hochschulfaechersystematik/n37
https://w3id.org/oerbase/vocabs/oefos2012/101018	https://w3id.org/kim/hochschulfaechersystematik/n237
https://w3id.org/oerbase/vocabs/oefos2012/101019	https://w3id.org/kim/hochschulfaechersystematik/n237
https://w3id.org/oerbase/vocabs/oefos2012/101020	https://w3id.org/kim/hochschulfaechersystematik/n37
https://w3id.org/oerbase/vocabs/oefos2012/101021	https://w3id.org/kim/hochschulfaechersystematik/n37
https://w3id.org/oerbase/vocabs/oefos2012/101022	https://w3id.org/kim/hochschulfaechersystematik/n37
https://w3id.org/oerbase/vocabs/oefos2012/101023	https://w3id.org/kim/hochschulfaechersystematik/n276
https://w3id.org/oerbase/vocabs/oefos2012/101024	https://w3id.org/kim/hochschulfaechersystematik/n237
https://w3id.org/oerbase/vocabs/oefos2012/101025	https://w3id.org/kim/hochschulfaechersystematik/n37
https://w3id.org/oerbase/vocabs/oefos2012/101028	https://w3id.org/kim/hochschulfaechersystematik/n37
https://w3id.org/oerbase/vocabs/oefos2012/101029	https://w3id.org/kim/hochschulfaechersystematik/n237
https://w3id.org/oerbase/vocabs/oefos2012/101030	https://w3id.org/kim/hochschulfaechersystematik/n237
https://w3id.org/oerbase/vocabs/oefos2012/101031	https://w3id.org/kim/hochschulfaechersystematik/n37
https://w3id.org/oerbase/vocabs/oefos2012/101032	https://w3id.org/kim/hochschulfaechersystematik/n37
https://w3id.org/oerbase/vocabs/oefos2012/102	https://w3id.org/kim/hochschulfaechersystematik/n71
https://w3id.org/oerbase/vocabs/oefos2012/1020	https://w3id.org/kim/hochschulfaechersystematik/n71
https://w3id.org/oerbase/vocabs/oefos2012/102001	https://w3id.org/kim/hochschulfaechersystematik/n71
https://w3id.org/oerbase/vocabs/oefos2012/102002	https://w3id.org/kim/hochschulfaechersystematik/n71
https://w3id.org/oerbase/vocabs/oefos2012/102003	https://w3id.org/kim/hochschulfaechersystematik/n71
https://w3id.org/oerbase/vocabs/oefos2012/102004	https://w3id.org/kim/hochschulfaechersystematik/n221
https://w3id.org/oerbase/vocabs/oefos2012/102005	https://w3id.org/kim/hochschulfaechersystematik/n71
https://w3id.org/oerbase/vocabs/oefos2012/102006	https://w3id.org/kim/hochschulfaechersystematik/n71
https://w3id.org/oerbase/vocabs/oefos2012/102007	https://w3id.org/kim/hochschulfaechersystematik/n71
https://w3id.org/oerbase/vocabs/oefos2012/102008	https://w3id.org/kim/hochschulfaechersystematik/n71
https://w3id.org/oerbase/vocabs/oefos2012/102009	https://w3id.org/kim/hochschulfaechersystematik/n71
https://w3id.org/oerbase/vocabs/oefos2012/102010	https://w3id.org/kim/hochschulfaechersystematik/n71
https://w3id.org/oerbase/vocabs/oefos2012/102011	https://w3id.org/kim/hochschulfaechersystematik/n71
https://w3id.org/oerbase/vocabs/oefos2012/102012	https://w3id.org/kim/hochschulfaechersystematik/n71
https://w3id.org/oerbase/vocabs/oefos2012/102013	https://w3id.org/kim/hochschulfaechersystematik/n71
https://w3id.org/oerbase/vocabs/oefos2012/102014	https://w3id.org/kim/hochschulfaechersystematik/n71
https://w3id.org/oerbase/vocabs/oefos2012/102015	https://w3id.org/kim/hochschulfaechersystematik/n71
https://w3id.org/oerbase/vocabs/oefos2012/102016	https://w3id.org/kim/hochschulfaechersystematik/n71
https://w3id.org/oerbase/vocabs/oefos2012/102017	https://w3id.org/kim/hochschulfaechersystematik/n71
https://w3id.org/oerbase/vocabs/oefos2012/102018	https://w3id.org/kim/hochschulfaechersystematik/n71
https://w3id.org/oerbase/vocabs/oefos2012/102019	https://w3id.org/kim/hochschulfaechersystematik/n71
https://w3id.org/oerbase/vocabs/oefos2012/102020	https://w3id.org/kim/hochschulfaechersystematik/n247
https://w3id.org/oerbase/vocabs/oefos2012/102021	https://w3id.org/kim/hochschulfaechersystematik/n71
https://w3id.org/oerbase/vocabs/oefos2012/102022	https://w3id.org/kim/hochschulfaechersystematik/n71
https://w3id.org/oerbase/vocabs/oefos2012/102023	https://w3id.org/kim/hochschulfaechersystematik/n71
https://w3id.org/oerbase/vocabs/oefos2012/102024	https://w3id.org/kim/hochschulfaechersystematik/n71
https://w3id.org/oerbase/vocabs/oefos2012/102025	https://w3id.org/kim/hochschulfaechersystematik/n71
https://w3id.org/oerbase/vocabs/oefos2012/102026	https://w3id.org/kim/hochschulfaechersystematik/n71
https://w3id.org/oerbase/vocabs/oefos2012/102027	https://w3id.org/kim/hochschulfaechersystematik/n71
https://w3id.org/oerbase/vocabs/oefos2012/102028	https://w3id.org/kim/hochschulfaechersystematik/n71
https://w3id.org/oerbase/vocabs/oefos2012/102029	https://w3id.org/kim/hochschulfaechersystematik/n71
https://w3id.org/oerbase/vocabs/oefos2012/102030	https://w3id.org/kim/hochschulfaechersystematik/n71
https://w3id.org/oerbase/vocabs/oefos2012/102031	https://w3id.org/kim/hochschulfaechersystematik/n71
https://w3id.org/oerbase/vocabs/oefos2012/102032	https://w3id.org/kim/hochschulfaechersystematik/n71
https://w3id.org/oerbase/vocabs/oefos2012/102033	https://w3id.org/kim/hochschulfaechersystematik/n71
https://w3id.org/oerbase/vocabs/oefos2012/102034	https://w3id.org/kim/hochschulfaechersystematik/n71
https://w3id.org/oerbase/vocabs/oefos2012/102035	https://w3id.org/kim/hochschulfaechersystematik/n71
https://w3id.org/oerbase/vocabs/oefos2012/102036	https://w3id.org/kim/hochschulfaechersystematik/n71
https://w3id.org/oerbase/vocabs/oefos2012/102037	https://w3id.org/kim/hochschulfaechersystematik/n71
https://w3id.org/oerbase/vocabs/oefos2012/103	https://w3id.org/kim/hochschulfaechersystematik/n39
https://w3id.org/oerbase/vocabs/oefos2012/1030	https://w3id.org/kim/hochschulfaechersystematik/n39
https://w3id.org/oerbase/vocabs/oefos2012/103001	https://w3id.org/kim/hochschulfaechersystematik/n39
https://w3id.org/oerbase/vocabs/oefos2012/103002	https://w3id.org/kim/hochschulfaechersystematik/n39
https://w3id.org/oerbase/vocabs/oefos2012/103003	https://w3id.org/kim/hochschulfaechersystematik/n014
https://w3id.org/oerbase/vocabs/oefos2012/103004	https://w3id.org/kim/hochschulfaechersystematik/n014
https://w3id.org/oerbase/vocabs/oefos2012/103005	https://w3id.org/kim/hochschulfaechersystematik/n39
https://w3id.org/oerbase/vocabs/oefos2012/103006	https://w3id.org/kim/hochschulfaechersystematik/n39
https://w3id.org/oerbase/vocabs/oefos2012/103007	https://w3id.org/kim/hochschulfaechersystematik/n39
https://w3id.org/oerbase/vocabs/oefos2012/103008	https://w3id.org/kim/hochschulfaechersystematik/n39
https://w3id.org/oerbase/vocabs/oefos2012/103009	https://w3id.org/kim/hochschulfaechersystematik/n39
https://w3id.org/oerbase/vocabs/oefos2012/103010	https://w3id.org/kim/hochschulfaechersystematik/n39
https://w3id.org/oerbase/vocabs/oefos2012/103011	https://w3id.org/kim/hochschulfaechersystematik/n39
https://w3id.org/oerbase/vocabs/oefos2012/103012	https://w3id.org/kim/hochschulfaechersystematik/n39
https://w3id.org/oerbase/vocabs/oefos2012/103013	https://w3id.org/kim/hochschulfaechersystematik/n39
https://w3id.org/oerbase/vocabs/oefos2012/103014	https://w3id.org/kim/hochschulfaechersystematik/n39
https://w3id.org/oerbase/vocabs/oefos2012/103015	https://w3id.org/kim/hochschulfaechersystematik/n39
https://w3id.org/oerbase/vocabs/oefos2012/103016	https://w3id.org/kim/hochschulfaechersystematik/n39
https://w3id.org/oerbase/vocabs/oefos2012/103017	https://w3id.org/kim/hochschulfaechersystematik/n39
https://w3id.org/oerbase/vocabs/oefos2012/103018	https://w3id.org/kim/hochschulfaechersystematik/n39
https://w3id.org/oerbase/vocabs/oefos2012/103019	https://w3id.org/kim/hochschulfaechersystematik/n39
https://w3id.org/oerbase/vocabs/oefos2012/103020	https://w3id.org/kim/hochschulfaechersystematik/n39
https://w3id.org/oerbase/vocabs/oefos2012/103021	https://w3id.org/kim/hochschulfaechersystematik/n39
https://w3id.org/oerbase/vocabs/oefos2012/103022	https://w3id.org/kim/hochschulfaechersystematik/n39
https://w3id.org/oerbase/vocabs/oefos2012/103023	https://w3id.org/kim/hochschulfaechersystematik/n39
https://w3id.org/oerbase/vocabs/oefos2012/103024	https://w3id.org/kim/hochschulfaechersystematik/n39
https://w3id.org/oerbase/vocabs/oefos2012/103025	https://w3id.org/kim/hochschulfaechersystematik/n39
https://w3id.org/oerbase/vocabs/oefos2012/103026	https://w3id.org/kim/hochschulfaechersystematik/n39
https://w3id.org/oerbase/vocabs/oefos2012/103027	https://w3id.org/kim/hochschulfaechersystematik/n39
https://w3id.org/oerbase/vocabs/oefos2012/103028	https://w3id.org/kim/hochschulfaechersystematik/n39
https://w3id.org/oerbase/vocabs/oefos2012/103029	https://w3id.org/kim/hochschulfaechersystematik/n39
https://w3id.org/oerbase/vocabs/oefos2012/103030	https://w3id.org/kim/hochschulfaechersystematik/n39
https://w3id.org/oerbase/vocabs/oefos2012/103031	https://w3id.org/kim/hochschulfaechersystematik/n39
https://w3id.org/oerbase/vocabs/oefos2012/103032	https://w3id.org/kim/hochschulfaechersystematik/n39
https://w3id.org/oerbase/vocabs/oefos2012/103033	https://w3id.org/kim/hochschulfaechersystematik/n39
https://w3id.org/oerbase/vocabs/oefos2012/103034	https://w3id.org/kim/hochschulfaechersystematik/n39
https://w3id.org/oerbase/vocabs/oefos2012/103035	https://w3id.org/kim/hochschulfaechersystematik/n39
https://w3id.org/oerbase/vocabs/oefos2012/103036	https://w3id.org/kim/hochschulfaechersystematik/n39
https://w3id.org/oerbase/vocabs/oefos2012/103037	https://w3id.org/kim/hochschulfaechersystematik/n39
https://w3id.org/oerbase/vocabs/oefos2012/103038	https://w3id.org/kim/hochschulfaechersystematik/n39
https://w3id.org/oerbase/vocabs/oefos2012/103039	https://w3id.org/kim/hochschulfaechersystematik/n39
https://w3id.org/oerbase/vocabs/oefos2012/103040	https://w3id.org/kim/hochschulfaechersystematik/n39
https://w3id.org/oerbase/vocabs/oefos2012/103041	https://w3id.org/kim/hochschulfaechersystematik/n014
https://w3id.org/oerbase/vocabs/oefos2012/103042	https://w3id.org/kim/hochschulfaechersystematik/n39
https://w3id.org/oerbase/vocabs/oefos2012/103043	https://w3id.org/kim/hochschulfaechersystematik/n39
https://w3id.org/oerbase/vocabs/oefos2012/104	https://w3id.org/kim/hochschulfaechersystematik/n40
https://w3id.org/oerbase/vocabs/oefos2012/1040	https://w3id.org/kim/hochschulfaechersystematik/n40
https://w3id.org/oerbase/vocabs/oefos2012/104001	https://w3id.org/kim/hochschulfaechersystematik/n40
https://w3id.org/oerbase/vocabs/oefos2012/104002	https://w3id.org/kim/hochschulfaechersystematik/n40
https://w3id.org/oerbase/vocabs/oefos2012/104003	https://w3id.org/kim/hochschulfaechersystematik/n40
https://w3id.org/oerbase/vocabs/oefos2012/104004	https://w3id.org/kim/hochschulfaechersystematik/n025
https://w3id.org/oerbase/vocabs/oefos2012/104005	https://w3id.org/kim/hochschulfaechersystematik/n025
https://w3id.org/oerbase/vocabs/oefos2012/104006	https://w3id.org/kim/hochschulfaechersystematik/n025
https://w3id.org/oerbase/vocabs/oefos2012/104007	https://w3id.org/kim/hochschulfaechersystematik/n025
https://w3id.org/oerbase/vocabs/oefos2012/104008	https://w3id.org/kim/hochschulfaechersystematik/n025
https://w3id.org/oerbase/vocabs/oefos2012/104009	https://w3id.org/kim/hochschulfaechersystematik/n025
https://w3id.org/oerbase/vocabs/oefos2012/104010	https://w3id.org/kim/hochschulfaechersystematik/n025
https://w3id.org/oerbase/vocabs/oefos2012/104011	https://w3id.org/kim/hochschulfaechersystematik/n025
https://w3id.org/oerbase/vocabs/oefos2012/104012	https://w3id.org/kim/hochschulfaechersystematik/n025
https://w3id.org/oerbase/vocabs/oefos2012/104013	https://w3id.org/kim/hochschulfaechersystematik/n025
https://w3id.org/oerbase/vocabs/oefos2012/104014	https://w3id.org/kim/hochschulfaechersystematik/n025
https://w3id.org/oerbase/vocabs/oefos2012/104015	https://w3id.org/kim/hochschulfaechersystematik/n025
https://w3id.org/oerbase/vocabs/oefos2012/104016	https://w3id.org/kim/hochschulfaechersystematik/n025
https://w3id.org/oerbase/vocabs/oefos2012/104017	https://w3id.org/kim/hochschulfaechersystematik/n025
https://w3id.org/oerbase/vocabs/oefos2012/104018	https://w3id.org/kim/hochschulfaechersystematik/n025
https://w3id.org/oerbase/vocabs/oefos2012/104019	https://w3id.org/kim/hochschulfaechersystematik/n025
https://w3id.org/oerbase/vocabs/oefos2012/104020	https://w3id.org/kim/hochschulfaechersystematik/n025
https://w3id.org/oerbase/vocabs/oefos2012/104021	https://w3id.org/kim/hochschulfaechersystematik/n025
https://w3id.org/oerbase/vocabs/oefos2012/104022	https://w3id.org/kim/hochschulfaechersystematik/n025
https://w3id.org/oerbase/vocabs/oefos2012/104023	https://w3id.org/kim/hochschulfaechersystematik/n025
https://w3id.org/oerbase/vocabs/oefos2012/104024	https://w3id.org/kim/hochschulfaechersystematik/n025
https://w3id.org/oerbase/vocabs/oefos2012/104025	https://w3id.org/kim/hochschulfaechersystematik/n025
https://w3id.org/oerbase/vocabs/oefos2012/104026	https://w3id.org/kim/hochschulfaechersystematik/n025
https://w3id.org/oerbase/vocabs/oefos2012/106	https://w3id.org/kim/hochschulfaechersystematik/n42
https://w3id.org/oerbase/vocabs/oefos2012/1060	https://w3id.org/kim/hochschulfaechersystematik/n42
https://w3id.org/oerbase/vocabs/oefos2012/106001	https://w3id.org/kim/hochschulfaechersystematik/n42
https://w3id.org/oerbase/vocabs/oefos2012/106002	https://w3id.org/kim/hochschulfaechersystematik/n025
https://w3id.org/oerbase/vocabs/oefos2012/106003	https://w3id.org/kim/hochschulfaechersystematik/n42
https://w3id.org/oerbase/vocabs/oefos2012/106004	https://w3id.org/kim/hochschulfaechersystematik/n42
https://w3id.org/oerbase/vocabs/oefos2012/106005	https://w3id.org/kim/hochschulfaechersystematik/n221
https://w3id.org/oerbase/vocabs/oefos2012/106006	https://w3id.org/kim/hochschulfaechersystematik/n42
https://w3id.org/oerbase/vocabs/oefos2012/106007	https://w3id.org/kim/hochschulfaechersystematik/n42
https://w3id.org/oerbase/vocabs/oefos2012/106008	https://w3id.org/kim/hochschulfaechersystematik/n42
https://w3id.org/oerbase/vocabs/oefos2012/106009	https://w3id.org/kim/hochschulfaechersystematik/n42
https://w3id.org/oerbase/vocabs/oefos2012/106010	https://w3id.org/kim/hochschulfaechersystematik/n42
https://w3id.org/oerbase/vocabs/oefos2012/106011	https://w3id.org/kim/hochschulfaechersystematik/n42
https://w3id.org/oerbase/vocabs/oefos2012/106012	https://w3id.org/kim/hochschulfaechersystematik/n42
https://w3id.org/oerbase/vocabs/oefos2012/106013	https://w3id.org/kim/hochschulfaechersystematik/n42
https://w3id.org/oerbase/vocabs/oefos2012/106014	https://w3id.org/kim/hochschulfaechersystematik/n42
https://w3id.org/oerbase/vocabs/oefos2012/106015	https://w3id.org/kim/hochschulfaechersystematik/n42
https://w3id.org/oerbase/vocabs/oefos2012/106016	https://w3id.org/kim/hochschulfaechersystematik/n42
https://w3id.org/oerbase/vocabs/oefos2012/106017	https://w3id.org/kim/hochschulfaechersystematik/n42
https://w3id.org/oerbase/vocabs/oefos2012/106018	https://w3id.org/kim/hochschulfaechersystematik/n42
https://w3id.org/oerbase/vocabs/oefos2012/106019	https://w3id.org/kim/hochschulfaechersystematik/n42
https://w3id.org/oerbase/vocabs/oefos2012/106020	https://w3id.org/kim/hochschulfaechersystematik/n42
https://w3id.org/oerbase/vocabs/oefos2012/106021	https://w3id.org/kim/hochschulfaechersystematik/n42
https://w3id.org/oerbase/vocabs/oefos2012/106022	https://w3id.org/kim/hochschulfaechersystematik/n42
https://w3id.org/oerbase/vocabs/oefos2012/106023	https://w3id.org/kim/hochschulfaechersystematik/n42
https://w3id.org/oerbase/vocabs/oefos2012/106024	https://w3id.org/kim/hochschulfaechersystematik/n42
https://w3id.org/oerbase/vocabs/oefos2012/106025	https://w3id.org/kim/hochschulfaechersystematik/n42
https://w3id.org/oerbase/vocabs/oefos2012/106026	https://w3id.org/kim/hochschulfaechersystematik/n42
https://w3id.org/oerbase/vocabs/oefos2012/106027	https://w3id.org/kim/hochschulfaechersystematik/n42
https://w3id.org/oerbase/vocabs/oefos2012/106028	https://w3id.org/kim/hochschulfaechersystematik/n42
https://w3id.org/oerbase/vocabs/oefos2012/106029	https://w3id.org/kim/hochschulfaechersystematik/n42
https://w3id.org/oerbase/vocabs/oefos2012/106030	https://w3id.org/kim/hochschulfaechersystematik/n42
https://w3id.org/oerbase/vocabs/oefos2012/106031	https://w3id.org/kim/hochschulfaechersystematik/n42
https://w3id.org/oerbase/vocabs/oefos2012/106032	https://w3id.org/kim/hochschulfaechersystematik/n42
https://w3id.org/oerbase/vocabs/oefos2012/106033	https://w3id.org/kim/hochschulfaechersystematik/n42
https://w3id.org/oerbase/vocabs/oefos2012/106034	https://w3id.org/kim/hochschulfaechersystematik/n025
https://w3id.org/oerbase/vocabs/oefos2012/105	https://w3id.org/kim/hochschulfaechersystematik/n43
https://w3id.org/oerbase/vocabs/oefos2012/1051	https://w3id.org/kim/hochschulfaechersystematik/n43
https://w3id.org/oerbase/vocabs/oefos2012/2	https://w3id.org/kim/hochschulfaechersystematik/n8
https://w3id.org/oerbase/vocabs/oefos2012/202	https://w3id.org/kim/hochschulfaechersystematik/n64
https://w3id.org/oerbase/vocabs/oefos2012/2020	https://w3id.org/kim/hochschulfaechersystematik/n64
https://w3id.org/oerbase/vocabs/oefos2012/203	https://w3id.org/kim/hochschulfaechersystematik/n63
https://w3id.org/oerbase/vocabs/oefos2012/2030	https://w3id.org/kim/hochschulfaechersystematik/n63
https://w3id.org/oerbase/vocabs/oefos2012/205	https://w3id.org/kim/hochschulfaechersystematik/n72
https://w3id.org/oerbase/vocabs/oefos2012/2050	https://w3id.org/kim/hochschulfaechersystematik/n177
https://w3id.org/oerbase/vocabs/oefos2012/208	https://w3id.org/kim/hochschulfaechersystematik/n282
https://w3id.org/oerbase/vocabs/oefos2012/2080	https://w3id.org/kim/hochschulfaechersystematik/n282
https://w3id.org/oerbase/vocabs/oefos2012/209	https://w3id.org/kim/hochschulfaechersystematik/n282
https://w3id.org/oerbase/vocabs/oefos2012/2090	https://w3id.org/kim/hochschulfaechersystematik/n282
https://w3id.org/oerbase/vocabs/oefos2012/207	https://w3id.org/kim/hochschulfaechersystematik/n457
https://w3id.org/oerbase/vocabs/oefos2012/2072	https://w3id.org/kim/hochschulfaechersystematik/n68
https://w3id.org/oerbase/vocabs/oefos2012/207201	https://w3id.org/kim/hochschulfaechersystematik/n68
https://w3id.org/oerbase/vocabs/oefos2012/207202	https://w3id.org/kim/hochschulfaechersystematik/n68
https://w3id.org/oerbase/vocabs/oefos2012/207203	https://w3id.org/kim/hochschulfaechersystematik/n68
https://w3id.org/oerbase/vocabs/oefos2012/207204	https://w3id.org/kim/hochschulfaechersystematik/n68
https://w3id.org/oerbase/vocabs/oefos2012/207205	https://w3id.org/kim/hochschulfaechersystematik/n68
https://w3id.org/oerbase/vocabs/oefos2012/207206	https://w3id.org/kim/hochschulfaechersystematik/n68
https://w3id.org/oerbase/vocabs/oefos2012/207207	https://w3id.org/kim/hochschulfaechersystematik/n68
https://w3id.org/oerbase/vocabs/oefos2012/207208	https://w3id.org/kim/hochschulfaechersystematik/n68
https://w3id.org/oerbase/vocabs/oefos2012/2112	https://w3id.org/kim/hochschulfaechersystematik/n097
https://w3id.org/oerbase/vocabs/oefos2012/211913	https://w3id.org/kim/hochschulfaechersystematik/n226
https://w3id.org/oerbase/vocabs/oefos2012/2011	https://w3id.org/kim/hochschulfaechersystematik/n68
https://w3id.org/oerbase/vocabs/oefos2012/2012	https://w3id.org/kim/hochschulfaechersystematik/n66
https://w3id.org/oerbase/vocabs/oefos2012/2013	https://w3id.org/kim/hochschulfaechersystematik/n268
https://w3id.org/oerbase/vocabs/oefos2012/3	https://w3id.org/kim/hochschulfaechersystematik/n5
https://w3id.org/oerbase/vocabs/oefos2012/302	https://w3id.org/kim/hochschulfaechersystematik/n5
https://w3id.org/oerbase/vocabs/oefos2012/3020	https://w3id.org/kim/hochschulfaechersystematik/n5
https://w3id.org/oerbase/vocabs/oefos2012/303	https://w3id.org/kim/hochschulfaechersystematik/n5
https://w3id.org/oerbase/vocabs/oefos2012/3030	https://w3id.org/kim/hochschulfaechersystematik/n5
https://w3id.org/oerbase/vocabs/oefos2012/304	https://w3id.org/kim/hochschulfaechersystematik/n282
https://w3id.org/oerbase/vocabs/oefos2012/3040	https://w3id.org/kim/hochschulfaechersystematik/n282
https://w3id.org/oerbase/vocabs/oefos2012/3011	https://w3id.org/kim/hochschulfaechersystematik/n5
https://w3id.org/oerbase/vocabs/oefos2012/3012	https://w3id.org/kim/hochschulfaechersystematik/n41
https://w3id.org/oerbase/vocabs/oefos2012/301201	https://w3id.org/kim/hochschulfaechersystematik/n41
https://w3id.org/oerbase/vocabs/oefos2012/301202	https://w3id.org/kim/hochschulfaechersystematik/n41
https://w3id.org/oerbase/vocabs/oefos2012/301203	https://w3id.org/kim/hochschulfaechersystematik/n41
https://w3id.org/oerbase/vocabs/oefos2012/301204	https://w3id.org/kim/hochschulfaechersystematik/n41
https://w3id.org/oerbase/vocabs/oefos2012/301205	https://w3id.org/kim/hochschulfaechersystematik/n41
https://w3id.org/oerbase/vocabs/oefos2012/301206	https://w3id.org/kim/hochschulfaechersystematik/n41
https://w3id.org/oerbase/vocabs/oefos2012/301207	https://w3id.org/kim/hochschulfaechersystematik/n41
https://w3id.org/oerbase/vocabs/oefos2012/301208	https://w3id.org/kim/hochschulfaechersystematik/n41
https://w3id.org/oerbase/vocabs/oefos2012/301209	https://w3id.org/kim/hochschulfaechersystematik/n41
https://w3id.org/oerbase/vocabs/oefos2012/301210	https://w3id.org/kim/hochschulfaechersystematik/n41
https://w3id.org/oerbase/vocabs/oefos2012/301211	https://w3id.org/kim/hochschulfaechersystematik/n41
https://w3id.org/oerbase/vocabs/oefos2012/301212	https://w3id.org/kim/hochschulfaechersystematik/n41
https://w3id.org/oerbase/vocabs/oefos2012/301213	https://w3id.org/kim/hochschulfaechersystematik/n41
https://w3id.org/oerbase/vocabs/oefos2012/301214	https://w3id.org/kim/hochschulfaechersystematik/n41
https://w3id.org/oerbase/vocabs/oefos2012/3013	https://w3id.org/kim/hochschulfaechersystematik/n025
https://w3id.org/oerbase/vocabs/oefos2012/4	https://w3id.org/kim/hochschulfaechersystematik/n7
https://w3id.org/oerbase/vocabs/oefos2012/402	https://w3id.org/kim/hochschulfaechersystematik/n58
https://w3id.org/oerbase/vocabs/oefos2012/4020	https://w3id.org/kim/hochschulfaechersystematik/n58
https://w3id.org/oerbase/vocabs/oefos2012/403	https://w3id.org/kim/hochschulfaechersystematik/n51
https://w3id.org/oerbase/vocabs/oefos2012/4030	https://w3id.org/kim/hochschulfaechersystematik/n51
https://w3id.org/oerbase/vocabs/oefos2012/404	https://w3id.org/kim/hochschulfaechersystematik/n58
https://w3id.org/oerbase/vocabs/oefos2012/4040	https://w3id.org/kim/hochschulfaechersystematik/n58
https://w3id.org/oerbase/vocabs/oefos2012/401	https://w3id.org/kim/hochschulfaechersystematik/n7
https://w3id.org/oerbase/vocabs/oefos2012/4011	https://w3id.org/kim/hochschulfaechersystematik/n58
https://w3id.org/oerbase/vocabs/oefos2012/401101	https://w3id.org/kim/hochschulfaechersystematik/n003
https://w3id.org/oerbase/vocabs/oefos2012/4012	https://w3id.org/kim/hochschulfaechersystematik/n59
https://w3id.org/oerbase/vocabs/oefos2012/4019	https://w3id.org/kim/hochschulfaechersystematik/n7
https://w3id.org/oerbase/vocabs/oefos2012/5	https://w3id.org/kim/hochschulfaechersystematik/n3
https://w3id.org/oerbase/vocabs/oefos2012/501	https://w3id.org/kim/hochschulfaechersystematik/n32
https://w3id.org/oerbase/vocabs/oefos2012/5010	https://w3id.org/kim/hochschulfaechersystematik/n32
https://w3id.org/oerbase/vocabs/oefos2012/502	https://w3id.org/kim/hochschulfaechersystematik/n30
https://w3id.org/oerbase/vocabs/oefos2012/5020	https://w3id.org/kim/hochschulfaechersystematik/n30
https://w3id.org/oerbase/vocabs/oefos2012/502033	https://w3id.org/kim/hochschulfaechersystematik/n021
https://w3id.org/oerbase/vocabs/oefos2012/503	https://w3id.org/kim/hochschulfaechersystematik/n33
https://w3id.org/oerbase/vocabs/oefos2012/5030	https://w3id.org/kim/hochschulfaechersystematik/n33
https://w3id.org/oerbase/vocabs/oefos2012/503001	https://w3id.org/kim/hochschulfaechersystematik/n052
https://w3id.org/oerbase/vocabs/oefos2012/503002	https://w3id.org/kim/hochschulfaechersystematik/n33
https://w3id.org/oerbase/vocabs/oefos2012/503003	https://w3id.org/kim/hochschulfaechersystematik/n33
https://w3id.org/oerbase/vocabs/oefos2012/503004	https://w3id.org/kim/hochschulfaechersystematik/n270
https://w3id.org/oerbase/vocabs/oefos2012/503005	https://w3id.org/kim/hochschulfaechersystematik/n270
https://w3id.org/oerbase/vocabs/oefos2012/503006	https://w3id.org/kim/hochschulfaechersystematik/n33
https://w3id.org/oerbase/vocabs/oefos2012/503007	https://w3id.org/kim/hochschulfaechersystematik/n33
https://w3id.org/oerbase/vocabs/oefos2012/503008	https://w3id.org/kim/hochschulfaechersystematik/n33
https://w3id.org/oerbase/vocabs/oefos2012/503009	https://w3id.org/kim/hochschulfaechersystematik/n052
https://w3id.org/oerbase/vocabs/oefos2012/503025	https://w3id.org/kim/hochschulfaechersystematik/n361
https://w3id.org/oerbase/vocabs/oefos2012/503026	https://w3id.org/kim/hochschulfaechersystematik/n190
https://w3id.org/oerbase/vocabs/oefos2012/503030	https://w3id.org/kim/hochschulfaechersystematik/n270
https://w3id.org/oerbase/vocabs/oefos2012/503031	https://w3id.org/kim/hochschulfaechersystematik/n365
https://w3id.org/oerbase/vocabs/oefos2012/504	https://w3id.org/kim/hochschulfaechersystematik/n149
https://w3id.org/oerbase/vocabs/oefos2012/5040	https://w3id.org/kim/hochschulfaechersystematik/n149
https://w3id.org/oerbase/vocabs/oefos2012/505	https://w3id.org/kim/hochschulfaechersystematik/n28
https://w3id.org/oerbase/vocabs/oefos2012/5050	https://w3id.org/kim/hochschulfaechersystematik/n28
https://w3id.org/oerbase/vocabs/oefos2012/506	https://w3id.org/kim/hochschulfaechersystematik/n25
https://w3id.org/oerbase/vocabs/oefos2012/5060	https://w3id.org/kim/hochschulfaechersystematik/n25
https://w3id.org/oerbase/vocabs/oefos2012/507	https://w3id.org/kim/hochschulfaechersystematik/n44
https://w3id.org/oerbase/vocabs/oefos2012/5070	https://w3id.org/kim/hochschulfaechersystematik/n44
https://w3id.org/oerbase/vocabs/oefos2012/508	https://w3id.org/kim/hochschulfaechersystematik/n303
https://w3id.org/oerbase/vocabs/oefos2012/5080	https://w3id.org/kim/hochschulfaechersystematik/n303
https://w3id.org/oerbase/vocabs/oefos2012/6	https://w3id.org/kim/hochschulfaechersystematik/n1
https://w3id.org/oerbase/vocabs/oefos2012/601	https://w3id.org/kim/hochschulfaechersystematik/n05
https://w3id.org/oerbase/vocabs/oefos2012/6010	https://w3id.org/kim/hochschulfaechersystematik/n05
https://w3id.org/oerbase/vocabs/oefos2012/602	https://w3id.org/kim/hochschulfaechersystematik/n07
https://w3id.org/oerbase/vocabs/oefos2012/6020	https://w3id.org/kim/hochschulfaechersystematik/n07
https://w3id.org/oerbase/vocabs/oefos2012/604	https://w3id.org/kim/hochschulfaechersystematik/n9
https://w3id.org/oerbase/vocabs/oefos2012/6040	https://w3id.org/kim/hochschulfaechersystematik/n9
https://w3id.org/oerbase/vocabs/oefos2012/603	https://w3id.org/kim/hochschulfaechersystematik/n04
https://w3id.org/oerbase/vocabs/oefos2012/6031	https://w3id.org/kim/hochschulfaechersystematik/n04
https://w3id.org/oerbase/vocabs/oefos2012/6032	https://w3id.org/kim/hochschulfaechersystematik/n02
https://w3id.org/oerbase/vocabs/oefos2012/105104	https://w3id.org/kim/hochschulfaechersystematik/n065
https://w3id.org/oerbase/vocabs/oefos2012/105109	https://w3id.org/kim/hochschulfaechersystematik/n065
https://w3id.org/oerbase/vocabs/oefos2012/105124	https://w3id.org/kim/hochschulfaechersystematik/n065
https://w3id.org/oerbase/vocabs/oefos2012/1052	https://w3id.org/kim/hochschulfaechersystematik/n110
https://w3id.org/oerbase/vocabs/oefos2012/105203	https://w3id.org/kim/hochschulfaechersystematik/n110
https://w3id.org/oerbase/vocabs/oefos2012/105204	https://w3id.org/kim/hochschulfaechersystematik/n110
https://w3id.org/oerbase/vocabs/oefos2012/105205	https://w3id.org/kim/hochschulfaechersystematik/n110
https://w3id.org/oerbase/vocabs/oefos2012/105206	https://w3id.org/kim/hochschulfaechersystematik/n110
https://w3id.org/oerbase/vocabs/oefos2012/1053	https://w3id.org/kim/hochschulfaechersystematik/n43
https://w3id.org/oerbase/vocabs/oefos2012/105304	https://w3id.org/kim/hochschulfaechersystematik/n43
https://w3id.org/oerbase/vocabs/oefos2012/1054	https://w3id.org/kim/hochschulfaechersystematik/n44
https://w3id.org/oerbase/vocabs/oefos2012/105404	https://w3id.org/kim/hochschulfaechersystematik/n44
https://w3id.org/oerbase/vocabs/oefos2012/105405	https://w3id.org/kim/hochschulfaechersystematik/n44
https://w3id.org/oerbase/vocabs/oefos2012/105407	https://w3id.org/kim/hochschulfaechersystematik/n44
https://w3id.org/oerbase/vocabs/oefos2012/105408	https://w3id.org/kim/hochschulfaechersystematik/n44
https://w3id.org/oerbase/vocabs/oefos2012/1059	https://w3id.org/kim/hochschulfaechersystematik/n44
https://w3id.org/oerbase/vocabs/oefos2012/105901	https://w3id.org/kim/hochschulfaechersystematik/n44
https://w3id.org/oerbase/vocabs/oefos2012/105902	https://w3id.org/kim/hochschulfaechersystematik/n44
https://w3id.org/oerbase/vocabs/oefos2012/105904	https://w3id.org/kim/hochschulfaechersystematik/n44
https://w3id.org/oerbase/vocabs/oefos2012/105907	https://w3id.org/kim/hochschulfaechersystematik/n44
https://w3id.org/oerbase/vocabs/oefos2012/106038	https://w3id.org/kim/hochschulfaechersystematik/n026
https://w3id.org/oerbase/vocabs/oefos2012/106041	https://w3id.org/kim/hochschulfaechersystematik/n026
https://w3id.org/oerbase/vocabs/oefos2012/106046	https://w3id.org/kim/hochschulfaechersystematik/n026
https://w3id.org/oerbase/vocabs/oefos2012/106052	https://w3id.org/kim/hochschulfaechersystematik/n026
https://w3id.org/oerbase/vocabs/oefos2012/107	https://w3id.org/kim/hochschulfaechersystematik/n4
https://w3id.org/oerbase/vocabs/oefos2012/1070	https://w3id.org/kim/hochschulfaechersystematik/n4
https://w3id.org/oerbase/vocabs/oefos2012/107007	https://w3id.org/kim/hochschulfaechersystematik/n4
https://w3id.org/oerbase/vocabs/oefos2012/201	https://w3id.org/kim/hochschulfaechersystematik/n68
https://w3id.org/oerbase/vocabs/oefos2012/201122	https://w3id.org/kim/hochschulfaechersystematik/n68
https://w3id.org/oerbase/vocabs/oefos2012/211	https://w3id.org/kim/hochschulfaechersystematik/n8
https://w3id.org/oerbase/vocabs/oefos2012/2119	https://w3id.org/kim/hochschulfaechersystematik/n8
https://w3id.org/oerbase/vocabs/oefos2012/211921	https://w3id.org/kim/hochschulfaechersystematik/n8
https://w3id.org/oerbase/vocabs/oefos2012/301	https://w3id.org/kim/hochschulfaechersystematik/n126
https://w3id.org/oerbase/vocabs/oefos2012/302013	https://w3id.org/kim/hochschulfaechersystematik/n49
https://w3id.org/oerbase/vocabs/oefos2012/303009	https://w3id.org/kim/hochschulfaechersystematik/n320
https://w3id.org/oerbase/vocabs/oefos2012/303028	https://w3id.org/kim/hochschulfaechersystematik/n029
https://w3id.org/oerbase/vocabs/oefos2012/305	https://w3id.org/kim/hochschulfaechersystematik/n5
https://w3id.org/oerbase/vocabs/oefos2012/3059	https://w3id.org/kim/hochschulfaechersystematik/n5
https://w3id.org/oerbase/vocabs/oefos2012/305905	https://w3id.org/kim/hochschulfaechersystematik/n247
https://w3id.org/oerbase/vocabs/oefos2012/401901	https://w3id.org/kim/hochschulfaechersystematik/n003
https://w3id.org/oerbase/vocabs/oefos2012/501001	https://w3id.org/kim/hochschulfaechersystematik/n132
https://w3id.org/oerbase/vocabs/oefos2012/501018	https://w3id.org/kim/hochschulfaechersystematik/n132
https://w3id.org/oerbase/vocabs/oefos2012/501021	https://w3id.org/kim/hochschulfaechersystematik/n132
https://w3id.org/oerbase/vocabs/oefos2012/502007	https://w3id.org/kim/hochschulfaechersystematik/n184
https://w3id.org/oerbase/vocabs/oefos2012/502019	https://w3id.org/kim/hochschulfaechersystematik/n184
https://w3id.org/oerbase/vocabs/oefos2012/502036	https://w3id.org/kim/hochschulfaechersystematik/n184
https://w3id.org/oerbase/vocabs/oefos2012/502054	https://w3id.org/kim/hochschulfaechersystematik/n184
https://w3id.org/oerbase/vocabs/oefos2012/503014	https://w3id.org/kim/hochschulfaechersystematik/n148
https://w3id.org/oerbase/vocabs/oefos2012/503018	https://w3id.org/kim/hochschulfaechersystematik/n052
https://w3id.org/oerbase/vocabs/oefos2012/503020	https://w3id.org/kim/hochschulfaechersystematik/n052
https://w3id.org/oerbase/vocabs/oefos2012/503028	https://w3id.org/kim/hochschulfaechersystematik/n052
https://w3id.org/oerbase/vocabs/oefos2012/503029	https://w3id.org/kim/hochschulfaechersystematik/n052
https://w3id.org/oerbase/vocabs/oefos2012/503032	https://w3id.org/kim/hochschulfaechersystematik/n052
https://w3id.org/oerbase/vocabs/oefos2012/503033	https://w3id.org/kim/hochschulfaechersystematik/n129
https://w3id.org/oerbase/vocabs/oefos2012/503034	https://w3id.org/kim/hochschulfaechersystematik/n190
https://w3id.org/oerbase/vocabs/oefos2012/504002	https://w3id.org/kim/hochschulfaechersystematik/n149
https://w3id.org/oerbase/vocabs/oefos2012/504007	https://w3id.org/kim/hochschulfaechersystematik/n149
https://w3id.org/oerbase/vocabs/oefos2012/504017	https://w3id.org/kim/hochschulfaechersystematik/n149
https://w3id.org/oerbase/vocabs/oefos2012/504021	https://w3id.org/kim/hochschulfaechersystematik/n149
https://w3id.org/oerbase/vocabs/oefos2012/504023	https://w3id.org/kim/hochschulfaechersystematik/n149
https://w3id.org/oerbase/vocabs/oefos2012/504028	https://w3id.org/kim/hochschulfaechersystematik/n149
https://w3id.org/oerbase/vocabs/oefos2012/504030	https://w3id.org/kim/hochschulfaechersystematik/n149
https://w3id.org/oerbase/vocabs/oefos2012/505001	https://w3id.org/kim/hochschulfaechersystematik/n135
https://w3id.org/oerbase/vocabs/oefos2012/505002	https://w3id.org/kim/hochschulfaechersystematik/n135
https://w3id.org/oerbase/vocabs/oefos2012/505003	https://w3id.org/kim/hochschulfaechersystematik/n135
https://w3id.org/oerbase/vocabs/oefos2012/505005	https://w3id.org/kim/hochschulfaechersystematik/n135
https://w3id.org/oerbase/vocabs/oefos2012/505006	https://w3id.org/kim/hochschulfaechersystematik/n135
https://w3id.org/oerbase/vocabs/oefos2012/505015	https://w3id.org/kim/hochschulfaechersystematik/n135
https://w3id.org/oerbase/vocabs/oefos2012/505016	https://w3id.org/kim/hochschulfaechersystematik/n135
https://w3id.org/oerbase/vocabs/oefos2012/505020	https://w3id.org/kim/hochschulfaechersystematik/n135
https://w3id.org/oerbase/vocabs/oefos2012/505024	https://w3id.org/kim/hochschulfaechersystematik/n135
https://w3id.org/oerbase/vocabs/oefos2012/505025	https://w3id.org/kim/hochschulfaechersystematik/n135
https://w3id.org/oerbase/vocabs/oefos2012/505028	https://w3id.org/kim/hochschulfaechersystematik/n135
https://w3id.org/oerbase/vocabs/oefos2012/505038	https://w3id.org/kim/hochschulfaechersystematik/n135
https://w3id.org/oerbase/vocabs/oefos2012/505045	https://w3id.org/kim/hochschulfaechersystematik/n135
https://w3id.org/oerbase/vocabs/oefos2012/506004	https://w3id.org/kim/hochschulfaechersystematik/n129
https://w3id.org/oerbase/vocabs/oefos2012/506012	https://w3id.org/kim/hochschulfaechersystematik/n129
https://w3id.org/oerbase/vocabs/oefos2012/507001	https://w3id.org/kim/hochschulfaechersystematik/n44
https://w3id.org/oerbase/vocabs/oefos2012/507002	https://w3id.org/kim/hochschulfaechersystematik/n44
https://w3id.org/oerbase/vocabs/oefos2012/507010	https://w3id.org/kim/hochschulfaechersystematik/n44
https://w3id.org/oerbase/vocabs/oefos2012/507013	https://w3id.org/kim/hochschulfaechersystematik/n44
https://w3id.org/oerbase/vocabs/oefos2012/507014	https://w3id.org/kim/hochschulfaechersystematik/n44
https://w3id.org/oerbase/vocabs/oefos2012/507015	https://w3id.org/kim/hochschulfaechersystematik/n44
https://w3id.org/oerbase/vocabs/oefos2012/507020	https://w3id.org/kim/hochschulfaechersystematik/n44
https://w3id.org/oerbase/vocabs/oefos2012/507024	https://w3id.org/kim/hochschulfaechersystematik/n44
https://w3id.org/oerbase/vocabs/oefos2012/507026	https://w3id.org/kim/hochschulfaechersystematik/n44
https://w3id.org/oerbase/vocabs/oefos2012/507027	https://w3id.org/kim/hochschulfaechersystematik/n44
https://w3id.org/oerbase/vocabs/oefos2012/508004	https://w3id.org/kim/hochschulfaechersystematik/n303
https://w3id.org/oerbase/vocabs/oefos2012/508005	https://w3id.org/kim/hochschulfaechersystematik/n303
https://w3id.org/oerbase/vocabs/oefos2012/508007	https://w3id.org/kim/hochschulfaechersystematik/n303
https://w3id.org/oerbase/vocabs/oefos2012/508009	https://w3id.org/kim/hochschulfaechersystematik/n303
https://w3id.org/oerbase/vocabs/oefos2012/508014	https://w3id.org/kim/hochschulfaechersystematik/n303
https://w3id.org/oerbase/vocabs/oefos2012/509	https://w3id.org/kim/hochschulfaechersystematik/n3
https://w3id.org/oerbase/vocabs/oefos2012/5090	https://w3id.org/kim/hochschulfaechersystematik/n3
https://w3id.org/oerbase/vocabs/oefos2012/509013	https://w3id.org/kim/hochschulfaechersystematik/n3
https://w3id.org/oerbase/vocabs/oefos2012/601008	https://w3id.org/kim/hochschulfaechersystematik/n05
https://w3id.org/oerbase/vocabs/oefos2012/601022	https://w3id.org/kim/hochschulfaechersystematik/n05
https://w3id.org/oerbase/vocabs/oefos2012/602004	https://w3id.org/kim/hochschulfaechersystematik/n152
https://w3id.org/oerbase/vocabs/oefos2012/602007	https://w3id.org/kim/hochschulfaechersystematik/n284
https://w3id.org/oerbase/vocabs/oefos2012/602014	https://w3id.org/kim/hochschulfaechersystematik/n067
https://w3id.org/oerbase/vocabs/oefos2012/602047	https://w3id.org/kim/hochschulfaechersystematik/n146
https://w3id.org/oerbase/vocabs/oefos2012/602051	https://w3id.org/kim/hochschulfaechersystematik/n07
https://w3id.org/oerbase/vocabs/oefos2012/603103	https://w3id.org/kim/hochschulfaechersystematik/n169
https://w3id.org/oerbase/vocabs/oefos2012/603113	https://w3id.org/kim/hochschulfaechersystematik/n127
https://w3id.org/oerbase/vocabs/oefos2012/603117	https://w3id.org/kim/hochschulfaechersystematik/n127
https://w3id.org/oerbase/vocabs/oefos2012/603118	https://w3id.org/kim/hochschulfaechersystematik/n136
https://w3id.org/oerbase/vocabs/oefos2012/603120	https://w3id.org/kim/hochschulfaechersystematik/n127
https://w3id.org/oerbase/vocabs/oefos2012/603122	https://w3id.org/kim/hochschulfaechersystematik/n127
https://w3id.org/oerbase/vocabs/oefos2012/604011	https://w3id.org/kim/hochschulfaechersystematik/n054
https://w3id.org/oerbase/vocabs/oefos2012/604029	https://w3id.org/kim/hochschulfaechersystematik/n155