AEGYPTOLOGIE	https://w3id.org/kim/hochschulfaechersystematik/n001
AFRIKANISTIK	https://w3id.org/kim/hochschulfaechersystematik/n002
AGRARWISSENSCHAFT_LANDWIRTSCHAFT	https://w3id.org/kim/hochschulfaechersystematik/n003
INTERDISZIPLINAERE_STUDIEN_SCHWERPUNKT_SPRACH_UND_KULTURWISSENSCHAFTEN	https://w3id.org/kim/hochschulfaechersystematik/n004
KLASSISCHE_PHILOLOGIE	https://w3id.org/kim/hochschulfaechersystematik/n005
AMERIKANISTIK_AMERIKAKUNDE	https://w3id.org/kim/hochschulfaechersystematik/n006
ANGEWANDTE_KUNST	https://w3id.org/kim/hochschulfaechersystematik/n007
ANGLISTIK_ENGLISCH	https://w3id.org/kim/hochschulfaechersystematik/n008
ANTHROPOLOGIE_HUMANBIOLOGIE	https://w3id.org/kim/hochschulfaechersystematik/n009
GEISTESWISSENSCHAFTEN_ALLGEMEIN	https://w3id.org/kim/hochschulfaechersystematik/n01
ARABISCH_ARABISTIK	https://w3id.org/kim/hochschulfaechersystematik/n010
ARBEITSLEHRE_WIRTSCHAFTSLEHRE	https://w3id.org/kim/hochschulfaechersystematik/n011
ARCHAEOLOGIE	https://w3id.org/kim/hochschulfaechersystematik/n012
PHYSIK	https://w3id.org/kim/hochschulfaechersystematik/n0128
ARCHITEKTUR	https://w3id.org/kim/hochschulfaechersystematik/n013
ASTRONOMIE_ASTROPHYSIK	https://w3id.org/kim/hochschulfaechersystematik/n014
AUSSEREUROPAEISCHE_SPRACHEN_UND_KULTUREN_IN_OZEANIEN_UND_AMERIKA	https://w3id.org/kim/hochschulfaechersystematik/n015
BALTISTIK	https://w3id.org/kim/hochschulfaechersystematik/n016
BAUINGENIEURWESEN_INGENIEURBAU	https://w3id.org/kim/hochschulfaechersystematik/n017
BERUFSBEZOGENE_FREMDSPRACHENAUSBILDUNG	https://w3id.org/kim/hochschulfaechersystematik/n018
EVANG_THEOLOGIE_RELIGIONSLEHRE_MAIN	https://w3id.org/kim/hochschulfaechersystematik/n02
BERGBAU_BERGTECHNIK	https://w3id.org/kim/hochschulfaechersystematik/n020
BETRIEBSWIRTSCHAFTSLEHRE	https://w3id.org/kim/hochschulfaechersystematik/n021
BIBLIOTHEKSWISSENSCHAFT_WESEN_NICHT_AN_VERWALTUNGSFACHHOCHSCHULEN	https://w3id.org/kim/hochschulfaechersystematik/n022
BILDENDE_KUNST_GRAPHIK	https://w3id.org/kim/hochschulfaechersystematik/n023
EUROPAEISCHE_ETHNOLOGIE_UND_KULTURWISSENSCHAFT	https://w3id.org/kim/hochschulfaechersystematik/n024
BIOCHEMIE	https://w3id.org/kim/hochschulfaechersystematik/n025
BIOLOGIE	https://w3id.org/kim/hochschulfaechersystematik/n026
BRAUWESEN_GETRAENKETECHNOLOGIE	https://w3id.org/kim/hochschulfaechersystematik/n028
SPORTWISSENSCHAFT	https://w3id.org/kim/hochschulfaechersystematik/n029
KATH_THEOLOGIE_RELIGIONSLEHRE_MAIN	https://w3id.org/kim/hochschulfaechersystematik/n03
INTERDISZIPLINAERE_STUDIEN_SCHWERPUNKT_RECHTS_WIRTSCHAFTS_UND_SOZIALWISSENSCHAFTEN	https://w3id.org/kim/hochschulfaechersystematik/n030
ISLAMISCHE_STUDIEN	https://w3id.org/kim/hochschulfaechersystematik/n030010001
BYZANTINISTIK	https://w3id.org/kim/hochschulfaechersystematik/n031
CHEMIE	https://w3id.org/kim/hochschulfaechersystematik/n032
CHEMIEINGENIEURWESEN_CHEMIETECHNIK	https://w3id.org/kim/hochschulfaechersystematik/n033
DAENISCH	https://w3id.org/kim/hochschulfaechersystematik/n034
DARSTELLENDE_KUNST_BUEHNENKUNST_REGIE	https://w3id.org/kim/hochschulfaechersystematik/n035
SONSTIGE_REGIONALWISSENSCHAFTEN	https://w3id.org/kim/hochschulfaechersystematik/n036
DOKUMENTATIONSWISSENSCHAFT	https://w3id.org/kim/hochschulfaechersystematik/n037
LATEINAMERIKA	https://w3id.org/kim/hochschulfaechersystematik/n038
GEOWISSENSCHAFTEN	https://w3id.org/kim/hochschulfaechersystematik/n039
STUDIENBEREICH_PHILOSOPHIE	https://w3id.org/kim/hochschulfaechersystematik/n04
INTERDISZIPLINAERE_STUDIEN_SCHWERPUNKT_KUNST_KUNSTWISSENSCHAFT	https://w3id.org/kim/hochschulfaechersystematik/n040
WIRTSCHAFTSRECHT	https://w3id.org/kim/hochschulfaechersystematik/n042
NEUGRIECHISCH	https://w3id.org/kim/hochschulfaechersystematik/n043
OST_UND_SUEDOSTEUROPA	https://w3id.org/kim/hochschulfaechersystematik/n044
ELEKTROTECHNIK_ELEKTRONIK	https://w3id.org/kim/hochschulfaechersystematik/n048
INTERDISZIPLINAERE_STUDIEN_SCHWERPUNKT_NATURWISSENSCHAFTEN	https://w3id.org/kim/hochschulfaechersystematik/n049
STUDIENBEREICH_GESCHICHTE	https://w3id.org/kim/hochschulfaechersystematik/n05
GEOGRAPHIE_ERDKUNDE	https://w3id.org/kim/hochschulfaechersystematik/n050
ERZIEHUNGSWISSENSCHAFT_PAEDAGOGIK	https://w3id.org/kim/hochschulfaechersystematik/n052
EVANG_THEOLOGIE_RELIGIONSLEHRE	https://w3id.org/kim/hochschulfaechersystematik/n053
FILM_UND_FERNSEHEN	https://w3id.org/kim/hochschulfaechersystematik/n054
FINNOUGRISTIK	https://w3id.org/kim/hochschulfaechersystematik/n056
LUFT_UND_RAUMFAHRTTECHNIK	https://w3id.org/kim/hochschulfaechersystematik/n057
FORSTWISSENSCHAFT_WIRTSCHAFT	https://w3id.org/kim/hochschulfaechersystematik/n058
FRANZOESISCH	https://w3id.org/kim/hochschulfaechersystematik/n059
BIBLIOTHEKSWISSENSCHAFT_DOKUMENTATION	https://w3id.org/kim/hochschulfaechersystematik/n06
GARTENBAU	https://w3id.org/kim/hochschulfaechersystematik/n060
MELIORATIONSWESEN	https://w3id.org/kim/hochschulfaechersystematik/n061
NATURSCHUTZ	https://w3id.org/kim/hochschulfaechersystematik/n064
GEOLOGIE_PALAEONTOLOGIE	https://w3id.org/kim/hochschulfaechersystematik/n065
GEOPHYSIK	https://w3id.org/kim/hochschulfaechersystematik/n066
GERMANISTIK_DEUTSCH	https://w3id.org/kim/hochschulfaechersystematik/n067
GESCHICHTE	https://w3id.org/kim/hochschulfaechersystematik/n068
GRAPHIKDESIGN_KOMMUNIKATIONSGESTALTUNG	https://w3id.org/kim/hochschulfaechersystematik/n069
ALLGEMEINE_UND_VERGLEICHENDE_LITERATUR_UND_SPRACHWISSENSCHAFT	https://w3id.org/kim/hochschulfaechersystematik/n07
GRIECHISCH	https://w3id.org/kim/hochschulfaechersystematik/n070
HAUSHALTS_UND_ERNAEHRUNGSWISSENSCHAFT	https://w3id.org/kim/hochschulfaechersystematik/n071
INTERDISZIPLINAERE_STUDIEN_SCHWERPUNKT_INGENIEURWISSENSCHAFTEN	https://w3id.org/kim/hochschulfaechersystematik/n072
HEBRAEISCH_JUDAISTIK	https://w3id.org/kim/hochschulfaechersystematik/n073
TRANSPORT_FOERDERTECHNIK	https://w3id.org/kim/hochschulfaechersystematik/n074
HOLZWIRTSCHAFT	https://w3id.org/kim/hochschulfaechersystematik/n075
HUETTEN_UND_GIESSEREIWESEN	https://w3id.org/kim/hochschulfaechersystematik/n076
WASSERWIRTSCHAFT	https://w3id.org/kim/hochschulfaechersystematik/n077
INDOLOGIE	https://w3id.org/kim/hochschulfaechersystematik/n078
INFORMATIK	https://w3id.org/kim/hochschulfaechersystematik/n079
ALTPHILOLOGIE_KLASS_PHILOLOGIE_NEUGRIECHISCH	https://w3id.org/kim/hochschulfaechersystematik/n08
INSTRUMENTALMUSIK	https://w3id.org/kim/hochschulfaechersystematik/n080
IRANISTIK	https://w3id.org/kim/hochschulfaechersystematik/n081
HOLZ_FASERTECHNIK	https://w3id.org/kim/hochschulfaechersystematik/n082
ISLAMWISSENSCHAFT	https://w3id.org/kim/hochschulfaechersystematik/n083
ITALIENISCH	https://w3id.org/kim/hochschulfaechersystematik/n084
JAPANOLOGIE	https://w3id.org/kim/hochschulfaechersystematik/n085
KATH_THEOLOGIE_RELIGIONSLEHRE	https://w3id.org/kim/hochschulfaechersystematik/n086
OPTOELEKTRONIK	https://w3id.org/kim/hochschulfaechersystematik/n088
VERKEHRSINGENIEURWESEN	https://w3id.org/kim/hochschulfaechersystematik/n089
GERMANISTIK_DEUTSCH_GERMANISCHE_SPRACHEN_OHNE_ANGLISTIK	https://w3id.org/kim/hochschulfaechersystematik/n09
LERNBEREICH_SPRACH_UND_KULTURWISSENSCHAFTEN	https://w3id.org/kim/hochschulfaechersystematik/n090
KUNSTERZIEHUNG	https://w3id.org/kim/hochschulfaechersystematik/n091
KUNSTGESCHICHTE_KUNSTWISSENSCHAFT	https://w3id.org/kim/hochschulfaechersystematik/n092
LANDESPFLEGE_LANDSCHAFTSGESTALTUNG	https://w3id.org/kim/hochschulfaechersystematik/n093
WASSERBAU	https://w3id.org/kim/hochschulfaechersystematik/n094
LATEIN	https://w3id.org/kim/hochschulfaechersystematik/n095
LEBENSMITTELCHEMIE	https://w3id.org/kim/hochschulfaechersystematik/n096
LEBENSMITTELTECHNOLOGIE	https://w3id.org/kim/hochschulfaechersystematik/n097
SPORTPAEDAGOGIK_SPORTPSYCHOLOGIE	https://w3id.org/kim/hochschulfaechersystematik/n098
GEISTESWISSENSCHAFTEN	https://w3id.org/kim/hochschulfaechersystematik/n1
ANGLISTIK_AMERIKANISTIK	https://w3id.org/kim/hochschulfaechersystematik/n10
RESTAURIERUNGSKUNDE	https://w3id.org/kim/hochschulfaechersystematik/n101
SCHAUSPIEL	https://w3id.org/kim/hochschulfaechersystematik/n102
MARKSCHEIDEWESEN	https://w3id.org/kim/hochschulfaechersystematik/n103
MASCHINENBAU_WESEN	https://w3id.org/kim/hochschulfaechersystematik/n104
MATHEMATIK	https://w3id.org/kim/hochschulfaechersystematik/n105
TANZPAEDAGOGIK	https://w3id.org/kim/hochschulfaechersystematik/n106
MEDIZIN_ALLGEMEINMEDIZIN	https://w3id.org/kim/hochschulfaechersystematik/n107
METALLTECHNIK	https://w3id.org/kim/hochschulfaechersystematik/n108
ROMANISTIK	https://w3id.org/kim/hochschulfaechersystematik/n11
METEOROLOGIE	https://w3id.org/kim/hochschulfaechersystematik/n110
MINERALOGIE	https://w3id.org/kim/hochschulfaechersystematik/n111
MUSIKERZIEHUNG	https://w3id.org/kim/hochschulfaechersystematik/n113
MUSIKWISSENSCHAFT_GESCHICHTE	https://w3id.org/kim/hochschulfaechersystematik/n114
GRUNDSCHUL_PRIMARSTUFENPAEDAGOGIK	https://w3id.org/kim/hochschulfaechersystematik/n115
TEXTILGESTALTUNG	https://w3id.org/kim/hochschulfaechersystematik/n116
AUSLAENDERPAEDAGOGIK	https://w3id.org/kim/hochschulfaechersystematik/n117
TECHNOMATHEMATIK	https://w3id.org/kim/hochschulfaechersystematik/n118
NIEDERLAENDISCH	https://w3id.org/kim/hochschulfaechersystematik/n119
SLAWISTIK_BALTISTIK_FINNOUGRISTIK	https://w3id.org/kim/hochschulfaechersystematik/n12
NORDISTIK_SKANDINAVISTIK_NORDISCHE_PHILOLOGIE_EINZELSPRACHEN_ANG	https://w3id.org/kim/hochschulfaechersystematik/n120
MEDIENINFORMATIK	https://w3id.org/kim/hochschulfaechersystematik/n121
ORIENTALISTIK_ALTORIENTALISTIK	https://w3id.org/kim/hochschulfaechersystematik/n122
INGENIEURINFORMATIK_TECHNISCHE_INFORMATIK	https://w3id.org/kim/hochschulfaechersystematik/n123
OZEANOGRAPHIE	https://w3id.org/kim/hochschulfaechersystematik/n124
AGRAROEKONOMIE	https://w3id.org/kim/hochschulfaechersystematik/n125
PHARMAZIE	https://w3id.org/kim/hochschulfaechersystematik/n126
PHILOSOPHIE	https://w3id.org/kim/hochschulfaechersystematik/n127
POLITIKWISSENSCHAFT_POLITOLOGIE	https://w3id.org/kim/hochschulfaechersystematik/n129
AUSSEREUROPAEISCHE_SPRACH_UND_KULTURWISSENSCHAFTEN	https://w3id.org/kim/hochschulfaechersystematik/n13
WESTSLAWISCH_ALLGEMEIN_UND_ANG	https://w3id.org/kim/hochschulfaechersystematik/n130
PORTUGIESISCH	https://w3id.org/kim/hochschulfaechersystematik/n131
PSYCHOLOGIE	https://w3id.org/kim/hochschulfaechersystematik/n132
RAUMPLANUNG	https://w3id.org/kim/hochschulfaechersystematik/n134
RECHTSWISSENSCHAFT	https://w3id.org/kim/hochschulfaechersystematik/n135
RELIGIONSWISSENSCHAFT	https://w3id.org/kim/hochschulfaechersystematik/n136
ROMANISTIK_ROMAN_PHILOLOGIE_EINZELSPRACHEN_ANG	https://w3id.org/kim/hochschulfaechersystematik/n137
AGRARBIOLOGIE	https://w3id.org/kim/hochschulfaechersystematik/n138
RUSSISCH	https://w3id.org/kim/hochschulfaechersystematik/n139
KULTURWISSENSCHAFTEN_IES	https://w3id.org/kim/hochschulfaechersystematik/n14
ANGEWANDTE_SYSTEMWISSENSCHAFTEN	https://w3id.org/kim/hochschulfaechersystematik/n140
ABFALLWIRTSCHAFT	https://w3id.org/kim/hochschulfaechersystematik/n141
SCHIFFBAU_SCHIFFSTECHNIK	https://w3id.org/kim/hochschulfaechersystematik/n142
AUGENOPTIK	https://w3id.org/kim/hochschulfaechersystematik/n143
TECHNISCHE_KYBERNETIK	https://w3id.org/kim/hochschulfaechersystematik/n144
SINOLOGIE_KOREANISTIK	https://w3id.org/kim/hochschulfaechersystematik/n145
SLAWISTIK_SLAW_PHILOLOGIE	https://w3id.org/kim/hochschulfaechersystematik/n146
SOZIALKUNDE	https://w3id.org/kim/hochschulfaechersystematik/n147
SOZIALWISSENSCHAFT	https://w3id.org/kim/hochschulfaechersystematik/n148
SOZIOLOGIE	https://w3id.org/kim/hochschulfaechersystematik/n149
SPANISCH	https://w3id.org/kim/hochschulfaechersystematik/n150
ALLGEMEINE_SPRACHWISSENSCHAFT_INDOGERMANISTIK	https://w3id.org/kim/hochschulfaechersystematik/n152
SUEDSLAWISCH_BULGARISCH_SERBOKROATISCH_SLOWENISCH_USW	https://w3id.org/kim/hochschulfaechersystematik/n153
LERNBEREICH_GESELLSCHAFTSLEHRE	https://w3id.org/kim/hochschulfaechersystematik/n154
THEATERWISSENSCHAFT	https://w3id.org/kim/hochschulfaechersystematik/n155
TIERMEDIZIN_VETERINAERMEDIZIN	https://w3id.org/kim/hochschulfaechersystematik/n156
MIKROELEKTRONIK	https://w3id.org/kim/hochschulfaechersystematik/n157
TURKOLOGIE	https://w3id.org/kim/hochschulfaechersystematik/n158
EDELSTEIN_UND_SCHMUCKDESIGN	https://w3id.org/kim/hochschulfaechersystematik/n159
COMPUTERLINGUISTIK	https://w3id.org/kim/hochschulfaechersystematik/n160
DIAKONIEWISSENSCHAFT	https://w3id.org/kim/hochschulfaechersystematik/n161
CARITASWISSENSCHAFT	https://w3id.org/kim/hochschulfaechersystematik/n162
RHYTHMIK	https://w3id.org/kim/hochschulfaechersystematik/n163
JAZZ_UND_POPULARMUSIK	https://w3id.org/kim/hochschulfaechersystematik/n164
ORCHESTERMUSIK	https://w3id.org/kim/hochschulfaechersystematik/n165
SPORTMANAGEMENT_SPORTOEKONOMIE	https://w3id.org/kim/hochschulfaechersystematik/n166
EUROPAEISCHE_WIRTSCHAFT	https://w3id.org/kim/hochschulfaechersystematik/n167
JUSTIZVOLLZUG	https://w3id.org/kim/hochschulfaechersystematik/n168
ETHIK	https://w3id.org/kim/hochschulfaechersystematik/n169
VERMESSUNGSWESEN_GEODAESIE	https://w3id.org/kim/hochschulfaechersystematik/n171
VERWALTUNGSWISSENSCHAFT_WESEN	https://w3id.org/kim/hochschulfaechersystematik/n172
ETHNOLOGIE	https://w3id.org/kim/hochschulfaechersystematik/n173
VOLKSKUNDE	https://w3id.org/kim/hochschulfaechersystematik/n174
VOLKSWIRTSCHAFTSLEHRE	https://w3id.org/kim/hochschulfaechersystematik/n175
WERKERZIEHUNG	https://w3id.org/kim/hochschulfaechersystematik/n176
WERKSTOFFTECHNIK	https://w3id.org/kim/hochschulfaechersystematik/n177
WIRTSCHAFTS_SOZIALGEOGRAPHIE	https://w3id.org/kim/hochschulfaechersystematik/n178
WIRTSCHAFTSINGENIEURWESEN_MIT_WIRTSCHAFTSWISSENSCHAFTLICHEM_SCHWERPUNKT	https://w3id.org/kim/hochschulfaechersystematik/n179
STUDIENBEREICH_ISLAMISCHE_STUDIEN	https://w3id.org/kim/hochschulfaechersystematik/n18
KAUKASISTIK	https://w3id.org/kim/hochschulfaechersystematik/n180
WIRTSCHAFTSPAEDAGOGIK	https://w3id.org/kim/hochschulfaechersystematik/n181
INTERNATIONALE_BETRIEBSWIRTSCHAFT_MANAGEMENT	https://w3id.org/kim/hochschulfaechersystematik/n182
WIRTSCHAFTS_SOZIALGESCHICHTE	https://w3id.org/kim/hochschulfaechersystematik/n183
WIRTSCHAFTSWISSENSCHAFTEN	https://w3id.org/kim/hochschulfaechersystematik/n184
ZAHNMEDIZIN	https://w3id.org/kim/hochschulfaechersystematik/n185
LERNBEREICH_NATURWISSENSCHAFTEN_SACHUNTERRICHT	https://w3id.org/kim/hochschulfaechersystematik/n186
ASIATISCHE_SPRACHEN_UND_KULTUREN_ASIENWISSENSCHAFTEN	https://w3id.org/kim/hochschulfaechersystematik/n187
ALLGEMEINE_LITERATURWISSENSCHAFT	https://w3id.org/kim/hochschulfaechersystematik/n188
NIEDERDEUTSCH	https://w3id.org/kim/hochschulfaechersystematik/n189
SONDERPAEDAGOGIK	https://w3id.org/kim/hochschulfaechersystematik/n190
KOMPOSITION	https://w3id.org/kim/hochschulfaechersystematik/n191
DIRIGIEREN	https://w3id.org/kim/hochschulfaechersystematik/n192
KIRCHENMUSIK	https://w3id.org/kim/hochschulfaechersystematik/n193
TONMEISTER	https://w3id.org/kim/hochschulfaechersystematik/n194
GESUNDHEITSPAEDAGOGIK	https://w3id.org/kim/hochschulfaechersystematik/n195
HOLZBAU	https://w3id.org/kim/hochschulfaechersystematik/n197
LERNBEREICH_TECHNIK	https://w3id.org/kim/hochschulfaechersystematik/n199
SPORT	https://w3id.org/kim/hochschulfaechersystematik/n2
COMPUTER_UND_KOMMUNIKATIONSTECHNIKEN	https://w3id.org/kim/hochschulfaechersystematik/n200
WERKEN_TECHNISCH_TECHNOLOGIE	https://w3id.org/kim/hochschulfaechersystematik/n201
FERTIGUNGS_PRODUKTIONSTECHNIK	https://w3id.org/kim/hochschulfaechersystematik/n202
INDUSTRIEDESIGN_PRODUKTGESTALTUNG	https://w3id.org/kim/hochschulfaechersystematik/n203
MALEREI	https://w3id.org/kim/hochschulfaechersystematik/n204
BILDHAUEREI_PLASTIK	https://w3id.org/kim/hochschulfaechersystematik/n205
POLNISCH	https://w3id.org/kim/hochschulfaechersystematik/n206
SORBISCH	https://w3id.org/kim/hochschulfaechersystematik/n207
SOZIALE_ARBEIT	https://w3id.org/kim/hochschulfaechersystematik/n208
TSCHECHISCH	https://w3id.org/kim/hochschulfaechersystematik/n209
VERKEHRSWIRTSCHAFT	https://w3id.org/kim/hochschulfaechersystematik/n210
ENERGIETECHNIK_OHNE_ELEKTROTECHNIK	https://w3id.org/kim/hochschulfaechersystematik/n211
FEINWERKTECHNIK	https://w3id.org/kim/hochschulfaechersystematik/n212
VERSORGUNGSTECHNIK	https://w3id.org/kim/hochschulfaechersystematik/n213
GESUNDHEITSTECHNIK	https://w3id.org/kim/hochschulfaechersystematik/n215
GLASTECHNIK_KERAMIK	https://w3id.org/kim/hochschulfaechersystematik/n216
KUNSTSTOFFTECHNIK	https://w3id.org/kim/hochschulfaechersystematik/n219
SPORT_SPORTWISSENSCHAFT	https://w3id.org/kim/hochschulfaechersystematik/n22
MILCH_UND_MOLKEREIWIRTSCHAFT	https://w3id.org/kim/hochschulfaechersystematik/n220
BIOINFORMATIK	https://w3id.org/kim/hochschulfaechersystematik/n221
KOMMUNIKATIONS_UND_INFORMATIONSTECHNIK	https://w3id.org/kim/hochschulfaechersystematik/n222
NAUTIK_SEEFAHRT	https://w3id.org/kim/hochschulfaechersystematik/n223
PHYSIKALISCHE_TECHNIK	https://w3id.org/kim/hochschulfaechersystematik/n224
TEXTIL_UND_BEKLEIDUNGSTECHNIK_GEWERBE	https://w3id.org/kim/hochschulfaechersystematik/n225
VERFAHRENSTECHNIK	https://w3id.org/kim/hochschulfaechersystematik/n226
WEINBAU_UND_KELLERWIRTSCHAFT	https://w3id.org/kim/hochschulfaechersystematik/n227
RECHTS_WIRTSCHAFTS_UND_SOZIALWISSENSCHAFTEN_ALLGEMEIN	https://w3id.org/kim/hochschulfaechersystematik/n23
GESANG	https://w3id.org/kim/hochschulfaechersystematik/n230
DRUCK_UND_REPRODUKTIONSTECHNIK	https://w3id.org/kim/hochschulfaechersystematik/n231
GESUNDHEITSWISSENSCHAFT_MANAGEMENT	https://w3id.org/kim/hochschulfaechersystematik/n232
NICHTAERZTLICHE_HEILBERUFE_THERAPIEN	https://w3id.org/kim/hochschulfaechersystematik/n233
PFLEGEWISSENSCHAFT_MANAGEMENT	https://w3id.org/kim/hochschulfaechersystematik/n234
FAHRZEUGTECHNIK	https://w3id.org/kim/hochschulfaechersystematik/n235
MATHEMATISCHE_STATISTIK_WAHRSCHEINLICHKEITSRECHNUNG	https://w3id.org/kim/hochschulfaechersystematik/n237
REGIONALWISSENSCHAFTEN	https://w3id.org/kim/hochschulfaechersystematik/n24
KERNTECHNIK_KERNVERFAHRENSTECHNIK	https://w3id.org/kim/hochschulfaechersystematik/n241
INNENARCHITEKTUR	https://w3id.org/kim/hochschulfaechersystematik/n242
SOZIALPAEDAGOGIK	https://w3id.org/kim/hochschulfaechersystematik/n245
MEDIZINISCHE_INFORMATIK	https://w3id.org/kim/hochschulfaechersystematik/n247
POLITIKWISSENSCHAFTEN	https://w3id.org/kim/hochschulfaechersystematik/n25
SOZIALWESEN	https://w3id.org/kim/hochschulfaechersystematik/n253
SACHUNTERRICHT_EINSCHL_SCHULGARTEN	https://w3id.org/kim/hochschulfaechersystematik/n254
ARCHIVWESEN	https://w3id.org/kim/hochschulfaechersystematik/n255
RECHTSPFLEGE	https://w3id.org/kim/hochschulfaechersystematik/n256
ARBEITS_UND_BERUFSBERATUNG	https://w3id.org/kim/hochschulfaechersystematik/n257
ARBEITSVERWALTUNG	https://w3id.org/kim/hochschulfaechersystematik/n258
AUSWAERTIGE_ANGELEGENHEITEN	https://w3id.org/kim/hochschulfaechersystematik/n259
SOZIALWISSENSCHAFTEN	https://w3id.org/kim/hochschulfaechersystematik/n26
BUNDESWEHRVERWALTUNG	https://w3id.org/kim/hochschulfaechersystematik/n260
INNERE_VERWALTUNG	https://w3id.org/kim/hochschulfaechersystematik/n261
BIBLIOTHEKSWESEN	https://w3id.org/kim/hochschulfaechersystematik/n262
POLIZEI_VERFASSUNGSSCHUTZ	https://w3id.org/kim/hochschulfaechersystematik/n263
SOZIALVERSICHERUNG	https://w3id.org/kim/hochschulfaechersystematik/n264
BANKWESEN	https://w3id.org/kim/hochschulfaechersystematik/n265
FINANZVERWALTUNG	https://w3id.org/kim/hochschulfaechersystematik/n266
VERKEHRSWESEN	https://w3id.org/kim/hochschulfaechersystematik/n268
ZOLL_UND_STEUERVERWALTUNG	https://w3id.org/kim/hochschulfaechersystematik/n269
STUDIENBEREICH_SOZIALWESEN	https://w3id.org/kim/hochschulfaechersystematik/n27
BERUFS_UND_WIRTSCHAFTSPAEDAGOGIK	https://w3id.org/kim/hochschulfaechersystematik/n270
DEUTSCH_ALS_FREMDSPRACHE_ODER_ALS_ZWEITSPRACHE	https://w3id.org/kim/hochschulfaechersystematik/n271
ALTE_GESCHICHTE	https://w3id.org/kim/hochschulfaechersystematik/n272
MITTLERE_UND_NEUERE_GESCHICHTE	https://w3id.org/kim/hochschulfaechersystematik/n273
TOURISMUSWIRTSCHAFT	https://w3id.org/kim/hochschulfaechersystematik/n274
GESCHICHTE_DER_MATHEMATIK_UND_NATURWISSENSCHAFTEN	https://w3id.org/kim/hochschulfaechersystematik/n275
WIRTSCHAFTSMATHEMATIK	https://w3id.org/kim/hochschulfaechersystematik/n276
WIRTSCHAFTSINFORMATIK	https://w3id.org/kim/hochschulfaechersystematik/n277
RECHTSWISSENSCHAFTEN	https://w3id.org/kim/hochschulfaechersystematik/n28
KARTOGRAPHIE	https://w3id.org/kim/hochschulfaechersystematik/n280
BIOTECHNOLOGIE	https://w3id.org/kim/hochschulfaechersystematik/n282
BIOGEOGRAPHIE	https://w3id.org/kim/hochschulfaechersystematik/n283
ANGEWANDTE_SPRACHWISSENSCHAFT	https://w3id.org/kim/hochschulfaechersystematik/n284
MIKROSYSTEMTECHNIK	https://w3id.org/kim/hochschulfaechersystematik/n286
NEUE_MEDIEN	https://w3id.org/kim/hochschulfaechersystematik/n287
VERWALTUNGSWISSENSCHAFTEN	https://w3id.org/kim/hochschulfaechersystematik/n29
MATERIALWISSENSCHAFT	https://w3id.org/kim/hochschulfaechersystematik/n294
RECHTS_WIRTSCHAFTS_UND_SOZIALWISSENSCHAFTEN	https://w3id.org/kim/hochschulfaechersystematik/n3
STUDIENBEREICH_WIRTSCHAFTSWISSENSCHAFTEN	https://w3id.org/kim/hochschulfaechersystematik/n30
BIOMEDIZIN	https://w3id.org/kim/hochschulfaechersystematik/n300
MEDIENWISSENSCHAFT	https://w3id.org/kim/hochschulfaechersystematik/n302
KOMMUNIKATIONSWISSENSCHAFT_PUBLIZISTIK	https://w3id.org/kim/hochschulfaechersystematik/n303
MEDIENWIRTSCHAFT_MEDIENMANAGEMENT	https://w3id.org/kim/hochschulfaechersystematik/n304
MEDIENTECHNIK	https://w3id.org/kim/hochschulfaechersystematik/n305
STUDIENBEREICH_WIRTSCHAFTSINGENIEURWESEN_MIT_WIRTSCHAFTSWISSENSCHAFTLICHEM_SCHWERPUNKT	https://w3id.org/kim/hochschulfaechersystematik/n31
REGENERATIVE_ENERGIEN	https://w3id.org/kim/hochschulfaechersystematik/n310
ELEKTRISCHE_ENERGIETECHNIK	https://w3id.org/kim/hochschulfaechersystematik/n316
STUDIENBEREICH_PSYCHOLOGIE	https://w3id.org/kim/hochschulfaechersystematik/n32
ERNAEHRUNGSWISSENSCHAFT	https://w3id.org/kim/hochschulfaechersystematik/n320
ERWACHSENENBILDUNG_UND_AUSSERSCHULISCHE_JUGENDBILDUNG	https://w3id.org/kim/hochschulfaechersystematik/n321
ERZIEHUNGSWISSENSCHAFTEN	https://w3id.org/kim/hochschulfaechersystematik/n33
HAUSHALTSWISSENSCHAFT	https://w3id.org/kim/hochschulfaechersystematik/n333
PFLANZENPRODUKTION	https://w3id.org/kim/hochschulfaechersystematik/n353
MATHEMATIK_NATURWISSENSCHAFTEN_ALLGEMEIN	https://w3id.org/kim/hochschulfaechersystematik/n36
SCHULPAEDAGOGIK	https://w3id.org/kim/hochschulfaechersystematik/n361
PAEDAGOGIK_DER_FRUEHEN_KINDHEIT	https://w3id.org/kim/hochschulfaechersystematik/n365
STUDIENBEREICH_MATHEMATIK	https://w3id.org/kim/hochschulfaechersystematik/n37
WIRTSCHAFTSINGENIEURWESEN_MIT_INGENIEURWISSENSCHAFTLICHEM_SCHWERPUNKT	https://w3id.org/kim/hochschulfaechersystematik/n370
TIERPRODUKTION	https://w3id.org/kim/hochschulfaechersystematik/n371
MECHATRONIK	https://w3id.org/kim/hochschulfaechersystematik/n380
GEOOEKOLOGIE	https://w3id.org/kim/hochschulfaechersystematik/n385
PHYSIK_ASTRONOMIE	https://w3id.org/kim/hochschulfaechersystematik/n39
ARCHAEOMETRIE_INGENIEURARCHAEOLOGIE	https://w3id.org/kim/hochschulfaechersystematik/n390
MATHEMATIK_NATURWISSENSCHAFTEN	https://w3id.org/kim/hochschulfaechersystematik/n4
STUDIENBEREICH_CHEMIE	https://w3id.org/kim/hochschulfaechersystematik/n40
STUDIENBEREICH_PHARMAZIE	https://w3id.org/kim/hochschulfaechersystematik/n41
STUDIENBEREICH_BIOLOGIE	https://w3id.org/kim/hochschulfaechersystematik/n42
STAHLBAU	https://w3id.org/kim/hochschulfaechersystematik/n429
GEOWISSENSCHAFTEN_OHNE_GEOGRAPHIE	https://w3id.org/kim/hochschulfaechersystematik/n43
GEOGRAPHIE	https://w3id.org/kim/hochschulfaechersystematik/n44
UMWELTTECHNIK_EINSCHL_RECYCLING	https://w3id.org/kim/hochschulfaechersystematik/n457
UMWELTSCHUTZ	https://w3id.org/kim/hochschulfaechersystematik/n458
FACILITY_MANAGEMENT	https://w3id.org/kim/hochschulfaechersystematik/n464
GESUNDHEITSWISSENSCHAFTEN_ALLGEMEIN	https://w3id.org/kim/hochschulfaechersystematik/n48
HUMANMEDIZIN_OHNE_ZAHNMEDIZIN	https://w3id.org/kim/hochschulfaechersystematik/n49
HUMANMEDIZIN_GESUNDHEITSWISSENSCHAFTEN	https://w3id.org/kim/hochschulfaechersystematik/n5
STUDIENBEREICH_ZAHNMEDIZIN	https://w3id.org/kim/hochschulfaechersystematik/n50
VETERINAERMEDIZIN	https://w3id.org/kim/hochschulfaechersystematik/n51
EVANG_RELIGIONSPAEDAGOGIK_KIRCHLICHE_BILDUNGSARBEIT	https://w3id.org/kim/hochschulfaechersystematik/n544
KATH_RELIGIONSPAEDAGOGIK_KIRCHLICHE_BILDUNGSARBEIT	https://w3id.org/kim/hochschulfaechersystematik/n545
UR_UND_FRUEHGESCHICHTE	https://w3id.org/kim/hochschulfaechersystematik/n548
LANDESPFLEGE_UMWELTGESTALTUNG	https://w3id.org/kim/hochschulfaechersystematik/n57
AGRARWISSENSCHAFTEN_LEBENSMITTEL_UND_GETRAENKETECHNOLOGIE	https://w3id.org/kim/hochschulfaechersystematik/n58
FORSTWISSENSCHAFT_HOLZWIRTSCHAFT	https://w3id.org/kim/hochschulfaechersystematik/n59
ERNAEHRUNGS_UND_HAUSHALTSWISSENSCHAFTEN	https://w3id.org/kim/hochschulfaechersystematik/n60
INGENIEURWESEN_ALLGEMEIN	https://w3id.org/kim/hochschulfaechersystematik/n61
BERGBAU_HUETTENWESEN	https://w3id.org/kim/hochschulfaechersystematik/n62
MASCHINENBAU_VERFAHRENSTECHNIK	https://w3id.org/kim/hochschulfaechersystematik/n63
ELEKTROTECHNIK_UND_INFORMATIONSTECHNIK	https://w3id.org/kim/hochschulfaechersystematik/n64
VERKEHRSTECHNIK_NAUTIK	https://w3id.org/kim/hochschulfaechersystematik/n65
ARCHITEKTUR_INNENARCHITEKTUR	https://w3id.org/kim/hochschulfaechersystematik/n66
STUDIENBEREICH_RAUMPLANUNG	https://w3id.org/kim/hochschulfaechersystematik/n67
BAUINGENIEURWESEN	https://w3id.org/kim/hochschulfaechersystematik/n68
VERMESSUNGSWESEN	https://w3id.org/kim/hochschulfaechersystematik/n69
AGRAR_FORST_UND_ERNAEHRUNGSWISSENSCHAFTEN_VETERINAERMEDIZIN	https://w3id.org/kim/hochschulfaechersystematik/n7
STUDIENBEREICH_WIRTSCHAFTSINGENIEURWESEN_MIT_INGENIEURWISSENSCHAFTLICHEM_SCHWERPUNKT	https://w3id.org/kim/hochschulfaechersystematik/n70
STUDIENBEREICH_INFORMATIK	https://w3id.org/kim/hochschulfaechersystematik/n71
MATERIALWISSENSCHAFT_UND_WERKSTOFFTECHNIK	https://w3id.org/kim/hochschulfaechersystematik/n72
KUNST_KUNSTWISSENSCHAFT_ALLGEMEIN	https://w3id.org/kim/hochschulfaechersystematik/n74
STUDIENBEREICH_BILDENDE_KUNST	https://w3id.org/kim/hochschulfaechersystematik/n75
GESTALTUNG	https://w3id.org/kim/hochschulfaechersystematik/n76
DARSTELLENDE_KUNST_FILM_UND_FERNSEHEN_THEATERWISSENSCHAFT	https://w3id.org/kim/hochschulfaechersystematik/n77
MUSIK_MUSIKWISSENSCHAFT	https://w3id.org/kim/hochschulfaechersystematik/n78
INGENIEURWISSENSCHAFTEN	https://w3id.org/kim/hochschulfaechersystematik/n8
KUNST_KUNSTWISSENSCHAFT	https://w3id.org/kim/hochschulfaechersystematik/n9
